use ssafyhome;

CREATE TABLE `members` (
	  user_id VARCHAR(50),   -- 아이디
    user_name VARCHAR(100) NOT NULL,    -- 이름
    user_pwd VARCHAR(255) NOT NULL,     -- 비밀번호
    email_id VARCHAR(200) NOT NULL,     -- 이메일 아이디
    email_domain VARCHAR(100) NOT NULL, -- 이메일 도메인
    join_date TIMESTAMP DEFAULT CURRENT_TIMESTAMP, -- 가입일
    token VARCHAR(255) DEFAULT NULL,   -- token
  PRIMARY KEY (`user_id`)
) ENGINE=InnoDB DEFAULT CHARSET=utf8mb4 COLLATE=utf8mb4_0900_ai_ci;

CREATE TABLE IF NOT EXISTS `interest_apt` (
  `user_id` VARCHAR(20) NOT NULL,              # 사용자 ID (외래 키)
  `apt_seq` VARCHAR(20) NOT NULL,              # 아파트 코드 (외래 키)
  `create_at` TIMESTAMP NOT NULL DEFAULT CURRENT_TIMESTAMP,  # 관심 아파트 등록 시간
  PRIMARY KEY (`user_id`, `apt_seq`),   # 복합 키 (user_id, apt_seq로 식별)
  CONSTRAINT `fk_interest_apt_user`
    FOREIGN KEY (`user_id`)
    REFERENCES `members` (`user_id`)
    ON DELETE CASCADE
    ON UPDATE CASCADE,
  CONSTRAINT `fk_interest_apt_houseinfos`
    FOREIGN KEY (`apt_seq`)
    REFERENCES `houseinfos` (`apt_seq`)
    ON DELETE CASCADE
    ON UPDATE CASCADE
) ENGINE = InnoDB;


CREATE TABLE `board` (
  `article_no` int NOT NULL AUTO_INCREMENT,
  `user_id` varchar(16) DEFAULT NULL,
  `subject` varchar(100) DEFAULT NULL,
  `content` varchar(2000) DEFAULT NULL,
  `hit` int DEFAULT '0',
  `register_time` timestamp NOT NULL DEFAULT CURRENT_TIMESTAMP,
  PRIMARY KEY (`article_no`),
  KEY `fk_user_id` (`user_id`),
  CONSTRAINT `fk_user_id` FOREIGN KEY (`user_id`) REFERENCES `members` (`user_id`)
) ENGINE=InnoDB AUTO_INCREMENT=1 DEFAULT CHARSET=utf8mb4 COLLATE=utf8mb4_0900_ai_ci;


CREATE TABLE IF NOT EXISTS `comments` (
    comment_id INT NOT NULL AUTO_INCREMENT PRIMARY KEY, -- 댓글 고유 ID
    article_no INT NOT NULL,                                -- QnA 번호 (외래 키)
    user_id VARCHAR(20) NULL DEFAULT NULL,             -- 댓글 작성자 ID (외래 키)
    content TEXT NOT NULL,                             -- 댓글 내용
    register_time TIMESTAMP NOT NULL DEFAULT CURRENT_TIMESTAMP, -- 작성 시간
    CONSTRAINT `fk_comments_qna`
        FOREIGN KEY (`article_no`)
        REFERENCES `board` (`article_no`)                    -- QnA 테이블 참조
        ON DELETE CASCADE
        ON UPDATE CASCADE,
    CONSTRAINT `fk_comments_user`
        FOREIGN KEY (`user_id`)
        REFERENCES `members` (`user_id`)                 -- 사용자 테이블 참조
        ON DELETE SET NULL
        ON UPDATE CASCADE
) ENGINE = InnoDB;


CREATE TABLE `sidocodes` (
  `sidoCode` varchar(10) NOT NULL,
  `sidoName` varchar(30) DEFAULT NULL,
  PRIMARY KEY (`sidoCode`),
  UNIQUE KEY `sidoName` (`sidoName`)
) ENGINE=InnoDB DEFAULT CHARSET=utf8mb4 COLLATE=utf8mb4_0900_ai_ci;

CREATE TABLE IF NOT EXISTS `guguncodes` (
  `gugun_code` VARCHAR(10) NOT NULL,
  `gugun_name` VARCHAR(30) NULL DEFAULT NULL,
  PRIMARY KEY (`gugun_code`))
ENGINE = InnoDB
DEFAULT CHARACTER SET = utf8mb4
COLLATE = utf8mb4_0900_ai_ci;

-- dong_code 컬럼 추가 및 houseinfos 수정
ALTER TABLE `houseinfos`
ADD COLUMN `dong_code` VARCHAR(10) NULL DEFAULT NULL,
ADD CONSTRAINT `fk_dong_code`
    FOREIGN KEY (`dong_code`)
    REFERENCES `dongcodes` (`dong_code`)
    ON DELETE SET NULL
    ON UPDATE CASCADE;

SET SQL_SAFE_UPDATES = 0;
UPDATE houseinfos h
JOIN dongcodes d ON CONCAT(h.sgg_cd, h.umd_cd) = d.dong_code
SET h.dong_code = d.dong_code;

LOCK TABLES `members` WRITE;
/*!40000 ALTER TABLE `members` DISABLE KEYS */;
INSERT INTO members (user_id, user_name, user_pwd, email_id, email_domain, join_date)
VALUES 
    ('admin', '관리자', '1234', 'admin', 'google.com', '2023-10-08 16:10:08'),
    ('hissam', '안효인', '9876', 'hissam', 'ssafy.com', '2023-10-26 14:52:05'),
    ('ssafy', '김싸피', '1234', 'ssafy', 'ssafy.com', '2023-10-08 16:10:08'),
    ('ssafy.hong', '홍싸피', '1234', 'ssafy.hong', 'ssafy.com', '2023-10-26 15:37:12'),
    ('ssafy.kim', '김싸피', '1234', 'ssafy.kim', 'ssafy.com', '2023-10-26 15:33:08');
/*!40000 ALTER TABLE `members` ENABLE KEYS */;
UNLOCK TABLES;

LOCK TABLES `board` WRITE;
/*!40000 ALTER TABLE `board` DISABLE KEYS */;
INSERT INTO `board` VALUES (2,'ssafy','스프링 DI 테스트중','ㅇㅇ',1,'2023-10-17 08:06:05'),(3,'ssafy','testing','testing',0,'2023-10-17 15:13:31'),(4,'ssafy','aop테스트중 around임','그렇다고',0,'2023-10-18 14:52:22'),(5,'ssafy','11','22',0,'2023-10-18 14:53:45'),(6,'ssafy','33','44',0,'2023-10-18 14:56:41'),(7,'ssafy','55','66',0,'2023-10-18 14:59:17'),(8,'ssafy','11','암호화한 내용 ::: 22',0,'2023-10-18 15:11:52'),(9,'ssafy','spring test 제목 수정해요!!!!@@@','spring test 내용도 수정해요!!!@@@',0,'2023-10-18 15:12:54'),(10,'ssafy','11','22',0,'2023-10-18 15:16:55'),(11,'ssafy','11','22',0,'2023-10-18 15:18:31'),(12,'ssafy','12','12',0,'2023-10-18 15:22:45'),(13,'ssafy','11','22',1,'2023-10-18 15:24:23'),(14,'ssafy','11','22',0,'2023-10-18 15:25:31'),(15,'ssafy','33','33',0,'2023-10-18 15:27:08'),(16,'ssafy','file upload test','test',1,'2023-10-23 07:30:08'),(17,'ssafy','파일 업로드 테스트중임다','ㅇㅇ',0,'2023-10-23 15:01:33'),(18,'ssafy','test2','test2',0,'2023-10-23 15:05:20'),(19,'ssafy','mybatis test!!!','dd',2,'2023-10-24 12:14:36'),(20,'ssafy','test ing ~~','test ing ~~',0,'2023-10-28 16:31:57'),(21,'ssafy','test 중입니다. 1','test 중입니다.',0,'2023-10-28 16:34:17'),(22,'ssafy','test 중입니다. 1 2','test 중입니다.',0,'2023-10-28 16:34:18'),(23,'ssafy','test 중입니다. 1 2 3','test 중입니다.',0,'2023-10-28 16:34:18'),(24,'ssafy','test 중입니다. 1 2 3 4','test 중입니다.',0,'2023-10-28 16:34:18'),(25,'ssafy','test 중입니다. 1 2 3 4 5','test 중입니다.',0,'2023-10-28 16:34:18'),(26,'ssafy','test 중입니다. 1 2 3 4 5 6','test 중입니다.',0,'2023-10-28 16:34:18'),(27,'ssafy','test 중입니다. 1 2 3 4 5 6 7','test 중입니다.',0,'2023-10-28 16:34:18'),(28,'ssafy','test 중입니다. 1 2 3 4 5 6 7 8','test 중입니다.',0,'2023-10-28 16:34:18'),(29,'ssafy','test 중입니다. 1 2 3 4 5 6 7 8 9','test 중입니다.',0,'2023-10-28 16:34:18'),(30,'ssafy','test 중입니다. 1 2 3 4 5 6 7 8 9 10','test 중입니다.',0,'2023-10-28 16:34:18'),(31,'admin','테스트 중입니다. 1','테스트 중입니다.',0,'2023-10-28 16:35:43'),(32,'admin','테스트 중입니다. 2','테스트 중입니다.',0,'2023-10-28 16:35:43'),(33,'admin','테스트 중입니다. 3','테스트 중입니다.',0,'2023-10-28 16:35:43'),(34,'admin','테스트 중입니다. 4','테스트 중입니다.',0,'2023-10-28 16:35:43'),(35,'admin','테스트 중입니다. 5','테스트 중입니다.',1,'2023-10-28 16:35:43'),(36,'admin','테스트 중입니다. 6','테스트 중입니다.',0,'2023-10-28 16:35:43'),(37,'admin','테스트 중입니다. 7','테스트 중입니다.',0,'2023-10-28 16:35:43'),(38,'admin','테스트 중입니다. 8','테스트 중입니다.',0,'2023-10-28 16:35:43'),(39,'admin','테스트 중입니다. 9','테스트 중입니다.',0,'2023-10-28 16:35:43'),(40,'admin','테스트 중입니다. 10','테스트 중입니다.',0,'2023-10-28 16:35:43'),(41,'admin','글이 많이 필요해요 1','글이 많이 필요해요',0,'2023-10-28 16:35:54'),(42,'admin','글이 많이 필요해요 2','글이 많이 필요해요',0,'2023-10-28 16:35:54'),(43,'admin','글이 많이 필요해요 3','글이 많이 필요해요',0,'2023-10-28 16:35:54'),(44,'admin','글이 많이 필요해요 4','글이 많이 필요해요',0,'2023-10-28 16:35:54'),(45,'admin','글이 많이 필요해요 5','글이 많이 필요해요',0,'2023-10-28 16:35:54'),(46,'admin','글이 많이 필요해요 6','글이 많이 필요해요',0,'2023-10-28 16:35:54'),(47,'admin','글이 많이 필요해요 7','글이 많이 필요해요',0,'2023-10-28 16:35:54'),(48,'admin','글이 많이 필요해요 8','글이 많이 필요해요',0,'2023-10-28 16:35:54'),(49,'admin','글이 많이 필요해요 9','글이 많이 필요해요',0,'2023-10-28 16:35:55'),(50,'admin','글이 많이 필요해요 10','글이 많이 필요해요',1,'2023-10-28 16:35:55'),(51,'ssafy','vuejs 연습중입니다. 1','vuejs 연습중입니다.',0,'2023-10-28 16:36:20'),(52,'ssafy','vuejs 연습중입니다. 2','vuejs 연습중입니다.',0,'2023-10-28 16:36:20'),(53,'ssafy','vuejs 연습중입니다. 3','vuejs 연습중입니다.',0,'2023-10-28 16:36:20'),(54,'ssafy','vuejs 연습중입니다. 4','vuejs 연습중입니다.',0,'2023-10-28 16:36:20'),(55,'ssafy','vuejs 연습중입니다. 5','vuejs 연습중입니다.',0,'2023-10-28 16:36:20'),(56,'ssafy','vuejs 연습중입니다. 6','vuejs 연습중입니다.',0,'2023-10-28 16:36:20'),(57,'ssafy','vuejs 연습중입니다. 7','vuejs 연습중입니다.',0,'2023-10-28 16:36:20'),(58,'ssafy','vuejs 연습중입니다. 8','vuejs 연습중입니다.',0,'2023-10-28 16:36:21'),(59,'ssafy','vuejs 연습중입니다. 9','vuejs 연습중입니다.',0,'2023-10-28 16:36:21'),(60,'ssafy','vuejs 연습중입니다. 10','vuejs 연습중입니다.',0,'2023-10-28 16:36:21'),(61,'ssafy','아주아주 잼나요 1','아주아주 잼나요',0,'2023-10-28 16:36:32'),(62,'ssafy','아주아주 잼나요 2','아주아주 잼나요',0,'2023-10-28 16:36:32'),(63,'ssafy','아주아주 잼나요 3','아주아주 잼나요',0,'2023-10-28 16:36:32'),(64,'ssafy','아주아주 잼나요 4','아주아주 잼나요',0,'2023-10-28 16:36:32'),(65,'ssafy','아주아주 잼나요 5','아주아주 잼나요',0,'2023-10-28 16:36:32'),(66,'ssafy','아주아주 잼나요 6','아주아주 잼나요',0,'2023-10-28 16:36:32'),(67,'ssafy','아주아주 잼나요 7','아주아주 잼나요',0,'2023-10-28 16:36:32'),(68,'ssafy','아주아주 잼나요 8','아주아주 잼나요',0,'2023-10-28 16:36:32'),(69,'ssafy','아주아주 잼나요 9','아주아주 잼나요',0,'2023-10-28 16:36:32'),(70,'ssafy','아주아주 잼나요 10','아주아주 잼나요',0,'2023-10-28 16:36:33'),(71,'ssafy','언능 끝내고 싶당 1','언능 끝내고 싶당',0,'2023-10-28 16:37:07'),(72,'ssafy','언능 끝내고 싶당 2','언능 끝내고 싶당',0,'2023-10-28 16:37:07'),(73,'ssafy','언능 끝내고 싶당 3','언능 끝내고 싶당',0,'2023-10-28 16:37:07'),(74,'ssafy','언능 끝내고 싶당 4','언능 끝내고 싶당',0,'2023-10-28 16:37:07'),(75,'ssafy','언능 끝내고 싶당 5','언능 끝내고 싶당',0,'2023-10-28 16:37:07'),(76,'ssafy','언능 끝내고 싶당 6','언능 끝내고 싶당',0,'2023-10-28 16:37:07'),(77,'ssafy','언능 끝내고 싶당 7','언능 끝내고 싶당',0,'2023-10-28 16:37:07'),(78,'ssafy','언능 끝내고 싶당 8','언능 끝내고 싶당',0,'2023-10-28 16:37:07'),(79,'ssafy','언능 끝내고 싶당 9','언능 끝내고 싶당',0,'2023-10-28 16:37:07'),(80,'ssafy','언능 끝내고 싶당 10','언능 끝내고 싶당',0,'2023-10-28 16:37:07'),(81,'ssafy','더써야 하나? 1','더써야 하나?',0,'2023-10-28 16:37:15'),(82,'ssafy','더써야 하나? 2','더써야 하나?',0,'2023-10-28 16:37:16'),(83,'ssafy','더써야 하나? 3','더써야 하나?',0,'2023-10-28 16:37:16'),(84,'ssafy','더써야 하나? 4','더써야 하나?',0,'2023-10-28 16:37:16'),(85,'ssafy','더써야 하나? 5','더써야 하나?',0,'2023-10-28 16:37:16'),(86,'ssafy','더써야 하나? 6','더써야 하나?',0,'2023-10-28 16:37:16'),(87,'ssafy','더써야 하나? 7','더써야 하나?',0,'2023-10-28 16:37:16'),(88,'ssafy','더써야 하나? 8','더써야 하나?',0,'2023-10-28 16:37:16'),(89,'ssafy','더써야 하나? 9','더써야 하나?',0,'2023-10-28 16:37:16'),(90,'ssafy','더써야 하나? 10','더써야 하나?',0,'2023-10-28 16:37:16'),(91,'ssafy','많이 써야 할듯 1','많이 써야 할듯',0,'2023-10-28 16:37:24'),(92,'ssafy','많이 써야 할듯 2','많이 써야 할듯',0,'2023-10-28 16:37:24'),(93,'ssafy','많이 써야 할듯 3','많이 써야 할듯',0,'2023-10-28 16:37:24'),(94,'ssafy','많이 써야 할듯 4','많이 써야 할듯',0,'2023-10-28 16:37:24'),(95,'ssafy','많이 써야 할듯 5','많이 써야 할듯',0,'2023-10-28 16:37:24'),(96,'ssafy','많이 써야 할듯 6','많이 써야 할듯',0,'2023-10-28 16:37:24'),(97,'ssafy','많이 써야 할듯 7','많이 써야 할듯',1,'2023-10-28 16:37:25'),(98,'ssafy','많이 써야 할듯 8','많이 써야 할듯',0,'2023-10-28 16:37:25'),(99,'ssafy','많이 써야 할듯 9','많이 써야 할듯',0,'2023-10-28 16:37:25'),(100,'ssafy','많이 써야 할듯 10','많이 써야 할듯',0,'2023-10-28 16:37:25'),(101,'ssafy','재미있는 글 없나? 1','재미있는 글 없나?',0,'2023-10-28 16:37:34'),(102,'ssafy','재미있는 글 없나? 2','재미있는 글 없나?',0,'2023-10-28 16:37:34'),(103,'ssafy','재미있는 글 없나? 3','재미있는 글 없나?',0,'2023-10-28 16:37:34'),(104,'ssafy','재미있는 글 없나? 4','재미있는 글 없나?',0,'2023-10-28 16:37:34'),(105,'ssafy','재미있는 글 없나? 5','재미있는 글 없나?',0,'2023-10-28 16:37:34'),(106,'ssafy','재미있는 글 없나? 6','재미있는 글 없나?',0,'2023-10-28 16:37:34'),(107,'ssafy','재미있는 글 없나? 7','재미있는 글 없나?',0,'2023-10-28 16:37:34'),(108,'ssafy','재미있는 글 없나? 8','재미있는 글 없나?',0,'2023-10-28 16:37:34'),(109,'ssafy','재미있는 글 없나? 9','재미있는 글 없나?',0,'2023-10-28 16:37:34'),(110,'ssafy','재미있는 글 없나? 10','재미있는 글 없나?',0,'2023-10-28 16:37:35'),(111,'ssafy','테스트 ing!! 1','테스트 ing!!',0,'2023-10-28 16:37:47'),(112,'ssafy','테스트 ing!! 2','테스트 ing!!',0,'2023-10-28 16:37:47'),(113,'ssafy','테스트 ing!! 3','테스트 ing!!',0,'2023-10-28 16:37:47'),(114,'ssafy','테스트 ing!! 4','테스트 ing!!',0,'2023-10-28 16:37:47'),(115,'ssafy','테스트 ing!! 5','테스트 ing!!',0,'2023-10-28 16:37:47'),(116,'ssafy','테스트 ing!! 6','테스트 ing!!',0,'2023-10-28 16:37:48'),(117,'ssafy','테스트 ing!! 7','테스트 ing!!',0,'2023-10-28 16:37:48'),(118,'ssafy','테스트 ing!! 8','테스트 ing!!',0,'2023-10-28 16:37:48'),(119,'ssafy','테스트 ing!! 9','테스트 ing!!',0,'2023-10-28 16:37:48'),(120,'ssafy','테스트 ing!! 10','테스트 ing!!',0,'2023-10-28 16:37:48'),(121,'ssafy','테스팅임다 1','테스팅임다',0,'2023-10-28 16:37:58'),(122,'ssafy','테스팅임다 2','테스팅임다',0,'2023-10-28 16:37:58'),(123,'ssafy','테스팅임다 3','테스팅임다',0,'2023-10-28 16:37:58'),(124,'ssafy','테스팅임다 4','테스팅임다',0,'2023-10-28 16:37:58'),(125,'ssafy','테스팅임다 5','테스팅임다',0,'2023-10-28 16:37:58'),(126,'ssafy','테스팅임다 6','테스팅임다',0,'2023-10-28 16:37:58'),(127,'ssafy','테스팅임다 7','테스팅임다',0,'2023-10-28 16:37:58'),(128,'ssafy','테스팅임다 8','테스팅임다',0,'2023-10-28 16:37:59'),(129,'ssafy','테스팅임다 9','테스팅임다',0,'2023-10-28 16:37:59'),(130,'ssafy','테스팅임다 10','테스팅임다',0,'2023-10-28 16:37:59'),(131,'ssafy','testing!!! 1','testing!!!',0,'2023-10-28 16:38:07'),(132,'ssafy','testing!!! 2','testing!!!',0,'2023-10-28 16:38:07'),(133,'ssafy','testing!!! 3','testing!!!',0,'2023-10-28 16:38:07'),(134,'ssafy','testing!!! 4','testing!!!',0,'2023-10-28 16:38:07'),(135,'ssafy','testing!!! 5','testing!!!',0,'2023-10-28 16:38:07'),(136,'ssafy','testing!!! 6','testing!!!',0,'2023-10-28 16:38:08'),(137,'ssafy','testing!!! 7','testing!!!',0,'2023-10-28 16:38:08'),(138,'ssafy','testing!!! 8','testing!!!',0,'2023-10-28 16:38:08'),(139,'ssafy','testing!!! 9','testing!!!',0,'2023-10-28 16:38:08'),(140,'ssafy','testing!!! 10','testing!!!',0,'2023-10-28 16:38:08'),(141,'ssafy','gogogo 1','gogogo',0,'2023-10-28 16:38:13'),(142,'ssafy','gogogo 2','gogogo',0,'2023-10-28 16:38:13'),(143,'ssafy','gogogo 3','gogogo',0,'2023-10-28 16:38:13'),(144,'ssafy','gogogo 4','gogogo',0,'2023-10-28 16:38:13'),(145,'ssafy','gogogo 5','gogogo',0,'2023-10-28 16:38:13'),(146,'ssafy','gogogo 6','gogogo',0,'2023-10-28 16:38:13'),(147,'ssafy','gogogo 7','gogogo',0,'2023-10-28 16:38:14'),(148,'ssafy','gogogo 8','gogogo',0,'2023-10-28 16:38:14'),(149,'ssafy','gogogo 9','gogogo',0,'2023-10-28 16:38:14'),(150,'ssafy','gogogo 10','gogogo',0,'2023-10-28 16:38:14'),(151,'ssafy','가즈아~~ 1','가즈아~~',0,'2023-10-28 16:38:22'),(152,'ssafy','가즈아~~ 2','가즈아~~',0,'2023-10-28 16:38:22'),(153,'ssafy','가즈아~~ 3','가즈아~~',0,'2023-10-28 16:38:22'),(154,'ssafy','가즈아~~ 4','가즈아~~',0,'2023-10-28 16:38:22'),(155,'ssafy','가즈아~~ 5','가즈아~~',0,'2023-10-28 16:38:22'),(156,'ssafy','가즈아~~ 6','가즈아~~',0,'2023-10-28 16:38:22'),(157,'ssafy','가즈아~~ 7','가즈아~~',0,'2023-10-28 16:38:22'),(158,'ssafy','가즈아~~ 8','가즈아~~',0,'2023-10-28 16:38:22'),(159,'ssafy','가즈아~~ 9','가즈아~~',0,'2023-10-28 16:38:22'),(160,'ssafy','가즈아~~ 10','가즈아~~',0,'2023-10-28 16:38:22'),(161,'hissam','안녕 하이쌤이야 1','안녕 하이쌤이야',0,'2023-10-28 16:38:59'),(162,'hissam','안녕 하이쌤이야 2','안녕 하이쌤이야',0,'2023-10-28 16:38:59'),(163,'hissam','안녕 하이쌤이야 3','안녕 하이쌤이야',0,'2023-10-28 16:38:59'),(164,'hissam','안녕 하이쌤이야 4','안녕 하이쌤이야',0,'2023-10-28 16:38:59'),(165,'hissam','안녕 하이쌤이야 5','안녕 하이쌤이야',0,'2023-10-28 16:39:00'),(166,'hissam','안녕 하이쌤이야 6','안녕 하이쌤이야',0,'2023-10-28 16:39:00'),(167,'hissam','안녕 하이쌤이야 7','안녕 하이쌤이야',0,'2023-10-28 16:39:00'),(168,'hissam','안녕 하이쌤이야 8','안녕 하이쌤이야',0,'2023-10-28 16:39:00'),(169,'hissam','안녕 하이쌤이야 9','안녕 하이쌤이야',0,'2023-10-28 16:39:00'),(170,'hissam','안녕 하이쌤이야 10','안녕 하이쌤이야',0,'2023-10-28 16:39:00'),(171,'hissam','언제까지 해야해 1','언제까지 해야해',0,'2023-10-28 16:39:10'),(172,'hissam','언제까지 해야해 2','언제까지 해야해',0,'2023-10-28 16:39:11'),(173,'hissam','언제까지 해야해 3','언제까지 해야해',0,'2023-10-28 16:39:11'),(174,'hissam','언제까지 해야해 4','언제까지 해야해',0,'2023-10-28 16:39:11'),(175,'hissam','언제까지 해야해 5','언제까지 해야해',0,'2023-10-28 16:39:11'),(176,'hissam','언제까지 해야해 6','언제까지 해야해',0,'2023-10-28 16:39:11'),(177,'hissam','언제까지 해야해 7','언제까지 해야해',0,'2023-10-28 16:39:11'),(178,'hissam','언제까지 해야해 8','언제까지 해야해',0,'2023-10-28 16:39:11'),(179,'hissam','언제까지 해야해 9','언제까지 해야해',0,'2023-10-28 16:39:11'),(180,'hissam','언제까지 해야해 10','언제까지 해야해',0,'2023-10-28 16:39:11'),(181,'hissam','후앙 1','후앙',0,'2023-10-28 16:39:17'),(182,'hissam','후앙 2','후앙',0,'2023-10-28 16:39:17'),(183,'hissam','후앙 3','후앙',0,'2023-10-28 16:39:17'),(184,'hissam','후앙 4','후앙',0,'2023-10-28 16:39:17'),(185,'hissam','후앙 5','후앙',0,'2023-10-28 16:39:17'),(186,'hissam','후앙 6','후앙',0,'2023-10-28 16:39:17'),(187,'hissam','후앙 7','후앙',0,'2023-10-28 16:39:17'),(188,'hissam','후앙 8','후앙',0,'2023-10-28 16:39:17'),(189,'hissam','후앙 9','후앙',0,'2023-10-28 16:39:17'),(190,'hissam','후앙 10','후앙',0,'2023-10-28 16:39:17'),(191,'hissam','이제 그만?? 1','이제 그만??',0,'2023-10-28 16:39:35'),(192,'hissam','이제 그만?? 2','이제 그만??',0,'2023-10-28 16:39:35'),(193,'hissam','이제 그만?? 3','이제 그만??',0,'2023-10-28 16:39:35'),(194,'hissam','이제 그만?? 4','이제 그만??',0,'2023-10-28 16:39:35'),(195,'hissam','이제 그만?? 5','이제 그만??',0,'2023-10-28 16:39:35'),(196,'hissam','이제 그만?? 6','이제 그만??',0,'2023-10-28 16:39:35'),(197,'hissam','이제 그만?? 7','이제 그만??',0,'2023-10-28 16:39:35'),(198,'hissam','이제 그만?? 8','이제 그만??',0,'2023-10-28 16:39:35'),(199,'hissam','이제 그만?? 9','이제 그만??',0,'2023-10-28 16:39:35'),(200,'hissam','이제 그만?? 10','이제 그만??',0,'2023-10-28 16:39:36'),(201,'ssafy.hong','나도 쓴다 1','나도 쓴다',0,'2023-10-28 16:39:53'),(202,'ssafy.hong','나도 쓴다 2','나도 쓴다',0,'2023-10-28 16:39:53'),(203,'ssafy.hong','나도 쓴다 3','나도 쓴다',0,'2023-10-28 16:39:53'),(204,'ssafy.hong','나도 쓴다 4','나도 쓴다',0,'2023-10-28 16:39:53'),(205,'ssafy.hong','나도 쓴다 5','나도 쓴다',0,'2023-10-28 16:39:53'),(206,'ssafy.hong','나도 쓴다 6','나도 쓴다',0,'2023-10-28 16:39:53'),(207,'ssafy.hong','나도 쓴다 7','나도 쓴다',0,'2023-10-28 16:39:53'),(208,'ssafy.hong','나도 쓴다 8','나도 쓴다',0,'2023-10-28 16:39:53'),(209,'ssafy.hong','나도 쓴다 9','나도 쓴다',0,'2023-10-28 16:39:53'),(210,'ssafy.hong','나도 쓴다 10','나도 쓴다',0,'2023-10-28 16:39:53'),(211,'ssafy.hong','이만 하면 됐나? 1','이만 하면 됐나?',0,'2023-10-28 16:40:07'),(212,'ssafy.hong','이만 하면 됐나? 2','이만 하면 됐나?',0,'2023-10-28 16:40:07'),(213,'ssafy.hong','이만 하면 됐나? 3','이만 하면 됐나?',0,'2023-10-28 16:40:07'),(214,'ssafy.hong','이만 하면 됐나? 4','이만 하면 됐나?',0,'2023-10-28 16:40:07'),(215,'ssafy.hong','이만 하면 됐나? 5','이만 하면 됐나?',0,'2023-10-28 16:40:07'),(216,'ssafy.hong','이만 하면 됐나? 6','이만 하면 됐나?',0,'2023-10-28 16:40:07'),(217,'ssafy.hong','이만 하면 됐나? 7','이만 하면 됐나?',0,'2023-10-28 16:40:08'),(218,'ssafy.hong','이만 하면 됐나? 8','이만 하면 됐나?',0,'2023-10-28 16:40:08'),(219,'ssafy.hong','이만 하면 됐나? 9','이만 하면 됐나?',0,'2023-10-28 16:40:08'),(220,'ssafy.hong','이만 하면 됐나? 10','이만 하면 됐나?',0,'2023-10-28 16:40:08'),(221,'ssafy.hong','테스트하고있슴다 1','테스트하고있슴다',0,'2023-10-28 16:40:20'),(222,'ssafy.hong','테스트하고있슴다 2','테스트하고있슴다',0,'2023-10-28 16:40:20'),(223,'ssafy.hong','테스트하고있슴다 3','테스트하고있슴다',0,'2023-10-28 16:40:20'),(224,'ssafy.hong','테스트하고있슴다 4','테스트하고있슴다',0,'2023-10-28 16:40:20'),(225,'ssafy.hong','테스트하고있슴다 5','테스트하고있슴다',0,'2023-10-28 16:40:20'),(226,'ssafy.hong','테스트하고있슴다 6','테스트하고있슴다',0,'2023-10-28 16:40:20'),(227,'ssafy.hong','테스트하고있슴다 7','테스트하고있슴다',0,'2023-10-28 16:40:20'),(228,'ssafy.hong','테스트하고있슴다 8','테스트하고있슴다',0,'2023-10-28 16:40:20'),(229,'ssafy.hong','테스트하고있슴다 9','테스트하고있슴다',0,'2023-10-28 16:40:20'),(230,'ssafy.hong','테스트하고있슴다 10','테스트하고있슴다',0,'2023-10-28 16:40:20'),(231,'ssafy.hong','마지막!!! 1','마지막!!!',0,'2023-10-28 16:40:29'),(232,'ssafy.hong','마지막!!! 2','마지막!!!',0,'2023-10-28 16:40:29'),(233,'ssafy.hong','마지막!!! 3','마지막!!!',0,'2023-10-28 16:40:29'),(234,'ssafy.hong','마지막!!! 4','마지막!!!',0,'2023-10-28 16:40:29'),(235,'ssafy.hong','마지막!!! 5','마지막!!!',1,'2023-10-28 16:40:29'),(236,'ssafy.hong','마지막!!! 6','마지막!!!',0,'2023-10-28 16:40:29'),(237,'ssafy.hong','마지막!!! 70000','마지막!!!0000',1,'2023-10-28 16:40:29'),(241,'ssafy','111222','2222222',1,'2023-11-02 07:47:15'),(246,'ssafy','제목 수정해요','내용도 수정해요 \n\nㅇㅋㅇㅋ',3,'2023-11-02 07:57:59'),(247,'ssafy','vue js 글작성하자','vue js 글작성하자\nvue js 글작성하자\nvue js 글작성하자vue js 글작성하자vue js 글작성하자vue js 글작성하자ㅍvue js 글작성하자vue js 글작성하자vue js 글작성하자\n\n\n\nvue js 글작성하자vue js 글작성하자vue js 글작성하자\n',1,'2023-11-02 07:59:31'),(248,'admin','관리자 방문 뷰 고고','관리자 방문 뷰 고고\n\n\n관리자 방문 뷰 고고\n\n\n관리자 방문 뷰 고고',4,'2023-11-02 08:04:28'),(251,'ssafy','999테스트 마지막 글12233','테스트 마지막 글1133333',19,'2023-11-04 14:50:12');
/*!40000 ALTER TABLE `board` ENABLE KEYS */;
UNLOCK TABLES;

LOCK TABLES `guguncodes` WRITE;
/*!40000 ALTER TABLE `guguncodes` DISABLE KEYS */;
INSERT INTO `guguncodes` VALUES ('1111000000','종로구'),('1114000000','중구'),('1117000000','용산구'),('1120000000','성동구'),('1121500000','광진구'),('1123000000','동대문구'),('1126000000','중랑구'),('1129000000','성북구'),('1130500000','강북구'),('1132000000','도봉구'),('1135000000','노원구'),('1138000000','은평구'),('1141000000','서대문구'),('1144000000','마포구'),('1147000000','양천구'),('1150000000','강서구'),('1153000000','구로구'),('1154500000','금천구'),('1156000000','영등포구'),('1159000000','동작구'),('1162000000','관악구'),('1165000000','서초구'),('1168000000','강남구'),('1171000000','송파구'),('1174000000','강동구'),('2611000000','중구'),('2614000000','서구'),('2617000000','동구'),('2620000000','영도구'),('2623000000','부산진구'),('2626000000','동래구'),('2629000000','남구'),('2632000000','북구'),('2635000000','해운대구'),('2638000000','사하구'),('2641000000','금정구'),('2644000000','강서구'),('2647000000','연제구'),('2650000000','수영구'),('2653000000','사상구'),('2671000000','기장군'),('2711000000','중구'),('2714000000','동구'),('2717000000','서구'),('2720000000','남구'),('2723000000','북구'),('2726000000','수성구'),('2729000000','달서구'),('2771000000','달성군'),('2811000000','중구'),('2814000000','동구'),('2817700000','미추홀구'),('2818500000','연수구'),('2820000000','남동구'),('2823700000','부평구'),('2824500000','계양구'),('2826000000','서구'),('2871000000','강화군'),('2872000000','옹진군'),('2911000000','동구'),('2914000000','서구'),('2915500000','남구'),('2917000000','북구'),('2920000000','광산구'),('3011000000','동구'),('3014000000','중구'),('3017000000','서구'),('3020000000','유성구'),('3023000000','대덕구'),('3111000000','중구'),('3114000000','남구'),('3117000000','동구'),('3120000000','북구'),('3171000000','울주군'),('3611000000','세종특별자치시'),('4111000000','수원시'),('4111100000','수원시 장안구'),('4111300000','수원시 권선구'),('4111500000','수원시 팔달구'),('4111700000','수원시 영통구'),('4113000000','성남시'),('4113100000','성남시 수정구'),('4113300000','성남시 중원구'),('4113500000','성남시 분당구'),('4115000000','의정부시'),('4117000000','안양시'),('4117100000','안양시 만안구'),('4117300000','안양시 동안구'),('4119000000','부천시'),('4121000000','광명시'),('4122000000','평택시'),('4125000000','동두천시'),('4127000000','안산시'),('4127100000','안산시 상록구'),('4127300000','안산시 단원구'),('4128000000','고양시'),('4128100000','고양시 덕양구'),('4128500000','고양시 일산동구'),('4128700000','고양시 일산서구'),('4129000000','과천시'),('4131000000','구리시'),('4136000000','남양주시'),('4137000000','오산시'),('4139000000','시흥시'),('4141000000','군포시'),('4143000000','의왕시'),('4145000000','하남시'),('4146000000','용인시'),('4146100000','용인시 처인구'),('4146300000','용인시 기흥구'),('4146500000','용인시 수지구'),('4148000000','파주시'),('4150000000','이천시'),('4155000000','안성시'),('4157000000','김포시'),('4159000000','화성시'),('4161000000','광주시'),('4163000000','양주시'),('4165000000','포천시'),('4167000000','여주시'),('4180000000','연천군'),('4182000000','가평군'),('4183000000','양평군'),('4211000000','춘천시'),('4213000000','원주시'),('4215000000','강릉시'),('4217000000','동해시'),('4219000000','태백시'),('4221000000','속초시'),('4223000000','삼척시'),('4272000000','홍천군'),('4273000000','횡성군'),('4275000000','영월군'),('4276000000','평창군'),('4277000000','정선군'),('4278000000','철원군'),('4279000000','화천군'),('4280000000','양구군'),('4281000000','인제군'),('4282000000','고성군'),('4283000000','양양군'),('4311000000','청주시'),('4311100000','청주시 상당구'),('4311200000','청주시 서원구'),('4311300000','청주시 흥덕구'),('4311400000','청주시 청원구'),('4313000000','충주시'),('4315000000','제천시'),('4372000000','보은군'),('4373000000','옥천군'),('4374000000','영동군'),('4374500000','증평군'),('4375000000','진천군'),('4376000000','괴산군'),('4377000000','음성군'),('4380000000','단양군'),('4413000000','천안시'),('4413100000','천안시 동남구'),('4413300000','천안시 서북구'),('4415000000','공주시'),('4418000000','보령시'),('4420000000','아산시'),('4421000000','서산시'),('4423000000','논산시'),('4425000000','계룡시'),('4427000000','당진시'),('4471000000','금산군'),('4476000000','부여군'),('4477000000','서천군'),('4479000000','청양군'),('4480000000','홍성군'),('4481000000','예산군'),('4482500000','태안군'),('4511000000','전주시'),('4511100000','전주시 완산구'),('4511300000','전주시 덕진구'),('4513000000','군산시'),('4514000000','익산시'),('4518000000','정읍시'),('4519000000','남원시'),('4521000000','김제시'),('4571000000','완주군'),('4572000000','진안군'),('4573000000','무주군'),('4574000000','장수군'),('4575000000','임실군'),('4577000000','순창군'),('4579000000','고창군'),('4580000000','부안군'),('4611000000','목포시'),('4613000000','여수시'),('4615000000','순천시'),('4617000000','나주시'),('4623000000','광양시'),('4671000000','담양군'),('4672000000','곡성군'),('4673000000','구례군'),('4677000000','고흥군'),('4678000000','보성군'),('4679000000','화순군'),('4680000000','장흥군'),('4681000000','강진군'),('4682000000','해남군'),('4683000000','영암군'),('4684000000','무안군'),('4686000000','함평군'),('4687000000','영광군'),('4688000000','장성군'),('4689000000','완도군'),('4690000000','진도군'),('4691000000','신안군'),('4711000000','포항시'),('4711100000','포항시 남구'),('4711300000','포항시 북구'),('4713000000','경주시'),('4715000000','김천시'),('4717000000','안동시'),('4719000000','구미시'),('4721000000','영주시'),('4723000000','영천시'),('4725000000','상주시'),('4728000000','문경시'),('4729000000','경산시'),('4772000000','군위군'),('4773000000','의성군'),('4775000000','청송군'),('4776000000','영양군'),('4777000000','영덕군'),('4782000000','청도군'),('4783000000','고령군'),('4784000000','성주군'),('4785000000','칠곡군'),('4790000000','예천군'),('4792000000','봉화군'),('4793000000','울진군'),('4794000000','울릉군'),('4812000000','창원시'),('4812100000','창원시 의창구'),('4812300000','창원시 성산구'),('4812500000','창원시 마산합포구'),('4812700000','창원시 마산회원구'),('4812900000','창원시 진해구'),('4817000000','진주시'),('4822000000','통영시'),('4824000000','사천시'),('4825000000','김해시'),('4827000000','밀양시'),('4831000000','거제시'),('4833000000','양산시'),('4872000000','의령군'),('4873000000','함안군'),('4874000000','창녕군'),('4882000000','고성군'),('4884000000','남해군'),('4885000000','하동군'),('4886000000','산청군'),('4887000000','함양군'),('4888000000','거창군'),('4889000000','합천군'),('5011000000','제주시'),('5013000000','서귀포시');
/*!40000 ALTER TABLE `guguncodes` ENABLE KEYS */;
UNLOCK TABLES;

LOCK TABLES `sidocodes` WRITE;
/*!40000 ALTER TABLE `sidocodes` DISABLE KEYS */;
INSERT INTO `sidocodes` VALUES ('4200000000','강원도'),('4100000000','경기도'),('4800000000','경상남도'),('4700000000','경상북도'),('2900000000','광주광역시'),('2700000000','대구광역시'),('3000000000','대전광역시'),('2600000000','부산광역시'),('1100000000','서울특별시'),('3611000000','세종특별자치시'),('3100000000','울산광역시'),('2800000000','인천광역시'),('4600000000','전라남도'),('4500000000','전라북도'),('5000000000','제주특별자치도'),('4400000000','충청남도'),('4300000000','충청북도');
/*!40000 ALTER TABLE `sidocodes` ENABLE KEYS */;
UNLOCK TABLES;